result,table,_start,_stop,timestamp,_measurement,cpu,disk,memory
_result,0,1970-01-01 00:00:00+00:00,2025-07-07 22:07:22.815231+00:00,2025-07-07 21:34:15.866399+00:00,system_metrics,32.06,49.38,43.46
_result,0,1970-01-01 00:00:00+00:00,2025-07-07 22:07:22.815231+00:00,2025-07-07 21:34:18.920672+00:00,system_metrics,33.7,44.28,39.22
_result,0,1970-01-01 00:00:00+00:00,2025-07-07 22:07:22.815231+00:00,2025-07-07 21:34:21.939366+00:00,system_metrics,24.66,52.16,49.18
_result,0,1970-01-01 00:00:00+00:00,2025-07-07 22:07:22.815231+00:00,2025-07-07 21:34:24.956041+00:00,system_metrics,38.34,58.97,49.23
_result,0,1970-01-01 00:00:00+00:00,2025-07-07 22:07:22.815231+00:00,2025-07-07 21:34:27.980064+00:00,system_metrics,32.74,51.83,30.11
_result,0,1970-01-01 00:00:00+00:00,2025-07-07 22:07:22.815231+00:00,2025-07-07 21:34:30.996413+00:00,system_metrics,21.31,49.97,36.6
_result,0,1970-01-01 00:00:00+00:00,2025-07-07 22:07:22.815231+00:00,2025-07-07 21:34:34.012789+00:00,system_metrics,87.02,91.56,83.54
_result,0,1970-01-01 00:00:00+00:00,2025-07-07 22:07:22.815231+00:00,2025-07-07 21:34:37.029613+00:00,system_metrics,20.14,44.09,47.05
_result,0,1970-01-01 00:00:00+00:00,2025-07-07 22:07:22.815231+00:00,2025-07-07 21:34:40.098610+00:00,system_metrics,36.11,48.38,45.0
_result,0,1970-01-01 00:00:00+00:00,2025-07-07 22:07:22.815231+00:00,2025-07-07 21:34:43.123172+00:00,system_metrics,36.09,55.55,47.11
_result,0,1970-01-01 00:00:00+00:00,2025-07-07 22:07:22.815231+00:00,2025-07-07 21:34:46.145591+00:00,system_metrics,32.98,45.56,47.53
_result,0,1970-01-01 00:00:00+00:00,2025-07-07 22:07:22.815231+00:00,2025-07-07 21:34:49.177400+00:00,system_metrics,37.94,53.83,39.87
_result,0,1970-01-01 00:00:00+00:00,2025-07-07 22:07:22.815231+00:00,2025-07-07 21:34:52.195484+00:00,system_metrics,37.0,41.2,37.13
_result,0,1970-01-01 00:00:00+00:00,2025-07-07 22:07:22.815231+00:00,2025-07-07 21:34:55.208758+00:00,system_metrics,37.83,45.23,46.0
_result,0,1970-01-01 00:00:00+00:00,2025-07-07 22:07:22.815231+00:00,2025-07-07 21:34:58.233374+00:00,system_metrics,36.1,45.98,35.21
_result,0,1970-01-01 00:00:00+00:00,2025-07-07 22:07:22.815231+00:00,2025-07-07 21:35:01.253131+00:00,system_metrics,28.25,57.31,42.38
_result,0,1970-01-01 00:00:00+00:00,2025-07-07 22:07:22.815231+00:00,2025-07-07 21:35:04.278112+00:00,system_metrics,91.82,99.97,84.55
_result,0,1970-01-01 00:00:00+00:00,2025-07-07 22:07:22.815231+00:00,2025-07-07 21:35:07.300828+00:00,system_metrics,28.17,58.91,49.85
_result,0,1970-01-01 00:00:00+00:00,2025-07-07 22:07:22.815231+00:00,2025-07-07 21:35:10.322112+00:00,system_metrics,39.35,45.41,35.86
_result,0,1970-01-01 00:00:00+00:00,2025-07-07 22:07:22.815231+00:00,2025-07-07 21:35:13.350426+00:00,system_metrics,34.64,41.36,43.89
_result,0,1970-01-01 00:00:00+00:00,2025-07-07 22:07:22.815231+00:00,2025-07-07 21:35:16.372484+00:00,system_metrics,20.37,45.59,47.66
_result,0,1970-01-01 00:00:00+00:00,2025-07-07 22:07:22.815231+00:00,2025-07-07 21:35:19.393731+00:00,system_metrics,29.12,42.72,33.6
_result,0,1970-01-01 00:00:00+00:00,2025-07-07 22:07:22.815231+00:00,2025-07-07 21:35:22.415963+00:00,system_metrics,27.42,45.36,44.67
_result,0,1970-01-01 00:00:00+00:00,2025-07-07 22:07:22.815231+00:00,2025-07-07 21:35:25.435691+00:00,system_metrics,23.03,55.07,33.81
_result,0,1970-01-01 00:00:00+00:00,2025-07-07 22:07:22.815231+00:00,2025-07-07 21:35:28.459999+00:00,system_metrics,35.44,42.72,36.87
_result,0,1970-01-01 00:00:00+00:00,2025-07-07 22:07:22.815231+00:00,2025-07-07 21:35:31.483753+00:00,system_metrics,31.1,40.7,45.93
_result,0,1970-01-01 00:00:00+00:00,2025-07-07 22:07:22.815231+00:00,2025-07-07 21:35:34.515664+00:00,system_metrics,33.86,56.13,47.1
_result,0,1970-01-01 00:00:00+00:00,2025-07-07 22:07:22.815231+00:00,2025-07-07 21:35:37.544816+00:00,system_metrics,33.49,59.04,31.63
_result,0,1970-01-01 00:00:00+00:00,2025-07-07 22:07:22.815231+00:00,2025-07-07 21:35:40.568161+00:00,system_metrics,87.38,97.18,90.95
_result,0,1970-01-01 00:00:00+00:00,2025-07-07 22:07:22.815231+00:00,2025-07-07 21:35:43.586842+00:00,system_metrics,38.19,54.51,49.38
_result,0,1970-01-01 00:00:00+00:00,2025-07-07 22:07:22.815231+00:00,2025-07-07 21:35:46.610130+00:00,system_metrics,27.31,53.11,36.63
_result,0,1970-01-01 00:00:00+00:00,2025-07-07 22:07:22.815231+00:00,2025-07-07 21:35:49.633764+00:00,system_metrics,38.32,57.3,30.1
_result,0,1970-01-01 00:00:00+00:00,2025-07-07 22:07:22.815231+00:00,2025-07-07 21:35:52.654160+00:00,system_metrics,97.59,97.91,80.84
_result,0,1970-01-01 00:00:00+00:00,2025-07-07 22:07:22.815231+00:00,2025-07-07 21:35:55.677765+00:00,system_metrics,37.65,51.34,44.77
_result,0,1970-01-01 00:00:00+00:00,2025-07-07 22:07:22.815231+00:00,2025-07-07 21:35:58.701758+00:00,system_metrics,20.17,55.6,45.92
_result,0,1970-01-01 00:00:00+00:00,2025-07-07 22:07:22.815231+00:00,2025-07-07 21:36:01.751319+00:00,system_metrics,21.82,58.55,39.26
_result,0,1970-01-01 00:00:00+00:00,2025-07-07 22:07:22.815231+00:00,2025-07-07 21:36:04.778492+00:00,system_metrics,31.13,48.55,37.47
_result,0,1970-01-01 00:00:00+00:00,2025-07-07 22:07:22.815231+00:00,2025-07-07 21:36:07.802442+00:00,system_metrics,23.42,41.27,44.42
_result,0,1970-01-01 00:00:00+00:00,2025-07-07 22:07:22.815231+00:00,2025-07-07 21:36:10.824939+00:00,system_metrics,36.88,57.08,40.84
_result,0,1970-01-01 00:00:00+00:00,2025-07-07 22:07:22.815231+00:00,2025-07-07 21:36:13.853942+00:00,system_metrics,22.95,52.82,33.62
_result,0,1970-01-01 00:00:00+00:00,2025-07-07 22:07:22.815231+00:00,2025-07-07 21:36:16.877169+00:00,system_metrics,35.13,44.83,32.08
_result,0,1970-01-01 00:00:00+00:00,2025-07-07 22:07:22.815231+00:00,2025-07-07 21:36:19.901021+00:00,system_metrics,27.59,52.77,43.55
_result,0,1970-01-01 00:00:00+00:00,2025-07-07 22:07:22.815231+00:00,2025-07-07 21:36:22.926951+00:00,system_metrics,35.31,42.95,45.65
_result,0,1970-01-01 00:00:00+00:00,2025-07-07 22:07:22.815231+00:00,2025-07-07 21:36:25.946446+00:00,system_metrics,20.82,47.69,35.88
_result,0,1970-01-01 00:00:00+00:00,2025-07-07 22:07:22.815231+00:00,2025-07-07 21:36:28.969744+00:00,system_metrics,30.93,44.18,33.32
_result,0,1970-01-01 00:00:00+00:00,2025-07-07 22:07:22.815231+00:00,2025-07-07 21:36:31.992871+00:00,system_metrics,36.69,48.09,34.8
_result,0,1970-01-01 00:00:00+00:00,2025-07-07 22:07:22.815231+00:00,2025-07-07 21:36:35.012553+00:00,system_metrics,30.89,49.91,46.69
_result,0,1970-01-01 00:00:00+00:00,2025-07-07 22:07:22.815231+00:00,2025-07-07 21:36:38.028760+00:00,system_metrics,24.12,42.47,30.19
_result,0,1970-01-01 00:00:00+00:00,2025-07-07 22:07:22.815231+00:00,2025-07-07 21:36:41.050458+00:00,system_metrics,29.23,54.7,36.55
_result,0,1970-01-01 00:00:00+00:00,2025-07-07 22:07:22.815231+00:00,2025-07-07 21:36:44.074055+00:00,system_metrics,32.45,45.11,36.53
_result,0,1970-01-01 00:00:00+00:00,2025-07-07 22:07:22.815231+00:00,2025-07-07 21:36:47.095416+00:00,system_metrics,38.98,40.1,32.51
_result,0,1970-01-01 00:00:00+00:00,2025-07-07 22:07:22.815231+00:00,2025-07-07 21:36:50.112289+00:00,system_metrics,89.65,93.01,87.97
_result,0,1970-01-01 00:00:00+00:00,2025-07-07 22:07:22.815231+00:00,2025-07-07 21:36:53.133786+00:00,system_metrics,25.39,49.01,43.66
_result,0,1970-01-01 00:00:00+00:00,2025-07-07 22:07:22.815231+00:00,2025-07-07 21:36:56.151012+00:00,system_metrics,27.68,52.46,49.2
_result,0,1970-01-01 00:00:00+00:00,2025-07-07 22:07:22.815231+00:00,2025-07-07 21:36:59.174652+00:00,system_metrics,25.54,45.8,39.19
_result,0,1970-01-01 00:00:00+00:00,2025-07-07 22:07:22.815231+00:00,2025-07-07 21:37:02.197570+00:00,system_metrics,31.07,45.97,38.91
_result,0,1970-01-01 00:00:00+00:00,2025-07-07 22:07:22.815231+00:00,2025-07-07 21:37:05.217639+00:00,system_metrics,24.51,42.19,34.47
_result,0,1970-01-01 00:00:00+00:00,2025-07-07 22:07:22.815231+00:00,2025-07-07 21:37:08.235607+00:00,system_metrics,23.01,53.35,41.46
_result,0,1970-01-01 00:00:00+00:00,2025-07-07 22:07:22.815231+00:00,2025-07-07 21:37:11.254114+00:00,system_metrics,30.75,44.39,45.33
_result,0,1970-01-01 00:00:00+00:00,2025-07-07 22:07:22.815231+00:00,2025-07-07 21:37:14.275474+00:00,system_metrics,39.55,49.95,34.6
_result,0,1970-01-01 00:00:00+00:00,2025-07-07 22:07:22.815231+00:00,2025-07-07 21:37:17.300858+00:00,system_metrics,85.62,93.87,83.48
_result,0,1970-01-01 00:00:00+00:00,2025-07-07 22:07:22.815231+00:00,2025-07-07 21:37:20.324467+00:00,system_metrics,30.02,40.5,32.08
_result,0,1970-01-01 00:00:00+00:00,2025-07-07 22:07:22.815231+00:00,2025-07-07 21:37:23.347116+00:00,system_metrics,32.68,53.91,46.37
_result,0,1970-01-01 00:00:00+00:00,2025-07-07 22:07:22.815231+00:00,2025-07-07 21:37:26.368890+00:00,system_metrics,21.58,53.09,37.36
_result,0,1970-01-01 00:00:00+00:00,2025-07-07 22:07:22.815231+00:00,2025-07-07 21:37:29.392205+00:00,system_metrics,32.97,49.31,35.5
_result,0,1970-01-01 00:00:00+00:00,2025-07-07 22:07:22.815231+00:00,2025-07-07 21:37:32.417681+00:00,system_metrics,20.57,54.14,32.5
_result,0,1970-01-01 00:00:00+00:00,2025-07-07 22:07:22.815231+00:00,2025-07-07 21:37:35.440174+00:00,system_metrics,37.53,45.52,43.63
_result,0,1970-01-01 00:00:00+00:00,2025-07-07 22:07:22.815231+00:00,2025-07-07 21:37:38.461782+00:00,system_metrics,26.57,57.92,49.89
_result,0,1970-01-01 00:00:00+00:00,2025-07-07 22:07:22.815231+00:00,2025-07-07 21:37:41.482625+00:00,system_metrics,93.33,99.51,85.46
_result,0,1970-01-01 00:00:00+00:00,2025-07-07 22:07:22.815231+00:00,2025-07-07 21:37:44.500497+00:00,system_metrics,25.9,55.97,34.3
_result,0,1970-01-01 00:00:00+00:00,2025-07-07 22:07:22.815231+00:00,2025-07-07 21:37:47.523881+00:00,system_metrics,28.39,52.77,36.29
_result,0,1970-01-01 00:00:00+00:00,2025-07-07 22:07:22.815231+00:00,2025-07-07 21:37:50.547215+00:00,system_metrics,39.86,56.15,36.92
_result,0,1970-01-01 00:00:00+00:00,2025-07-07 22:07:22.815231+00:00,2025-07-07 21:37:53.570259+00:00,system_metrics,32.05,41.76,42.0
_result,0,1970-01-01 00:00:00+00:00,2025-07-07 22:07:22.815231+00:00,2025-07-07 21:37:56.593383+00:00,system_metrics,26.67,59.07,47.62
_result,0,1970-01-01 00:00:00+00:00,2025-07-07 22:07:22.815231+00:00,2025-07-07 21:37:59.609442+00:00,system_metrics,98.44,91.12,87.08
_result,0,1970-01-01 00:00:00+00:00,2025-07-07 22:07:22.815231+00:00,2025-07-07 21:38:02.632177+00:00,system_metrics,29.97,56.24,37.68
_result,0,1970-01-01 00:00:00+00:00,2025-07-07 22:07:22.815231+00:00,2025-07-07 21:38:05.653076+00:00,system_metrics,39.93,42.24,42.11
_result,0,1970-01-01 00:00:00+00:00,2025-07-07 22:07:22.815231+00:00,2025-07-07 21:38:08.677800+00:00,system_metrics,37.8,44.47,36.71
_result,0,1970-01-01 00:00:00+00:00,2025-07-07 22:07:22.815231+00:00,2025-07-07 21:38:11.700483+00:00,system_metrics,36.42,56.66,34.37
_result,0,1970-01-01 00:00:00+00:00,2025-07-07 22:07:22.815231+00:00,2025-07-07 21:38:14.723614+00:00,system_metrics,33.6,59.83,39.37
_result,0,1970-01-01 00:00:00+00:00,2025-07-07 22:07:22.815231+00:00,2025-07-07 21:38:17.743699+00:00,system_metrics,22.42,41.68,45.01
_result,0,1970-01-01 00:00:00+00:00,2025-07-07 22:07:22.815231+00:00,2025-07-07 21:38:20.765510+00:00,system_metrics,30.23,56.07,43.58
_result,0,1970-01-01 00:00:00+00:00,2025-07-07 22:07:22.815231+00:00,2025-07-07 21:38:23.783880+00:00,system_metrics,35.59,47.97,40.14
_result,0,1970-01-01 00:00:00+00:00,2025-07-07 22:07:22.815231+00:00,2025-07-07 21:38:26.804837+00:00,system_metrics,31.76,44.36,45.63
_result,0,1970-01-01 00:00:00+00:00,2025-07-07 22:07:22.815231+00:00,2025-07-07 21:38:29.824249+00:00,system_metrics,90.7,99.8,82.21
_result,0,1970-01-01 00:00:00+00:00,2025-07-07 22:07:22.815231+00:00,2025-07-07 21:38:32.842818+00:00,system_metrics,25.39,50.8,40.9
_result,0,1970-01-01 00:00:00+00:00,2025-07-07 22:07:22.815231+00:00,2025-07-07 21:38:35.859254+00:00,system_metrics,21.8,48.84,31.34
_result,0,1970-01-01 00:00:00+00:00,2025-07-07 22:07:22.815231+00:00,2025-07-07 21:38:38.880030+00:00,system_metrics,31.33,54.75,30.06
_result,0,1970-01-01 00:00:00+00:00,2025-07-07 22:07:22.815231+00:00,2025-07-07 21:38:41.901989+00:00,system_metrics,36.48,47.67,30.71
_result,0,1970-01-01 00:00:00+00:00,2025-07-07 22:07:22.815231+00:00,2025-07-07 21:38:44.926125+00:00,system_metrics,26.26,57.11,42.46
_result,0,1970-01-01 00:00:00+00:00,2025-07-07 22:07:22.815231+00:00,2025-07-07 21:38:47.947161+00:00,system_metrics,21.87,52.4,33.94
_result,0,1970-01-01 00:00:00+00:00,2025-07-07 22:07:22.815231+00:00,2025-07-07 21:38:50.968275+00:00,system_metrics,21.96,48.1,36.07
_result,0,1970-01-01 00:00:00+00:00,2025-07-07 22:07:22.815231+00:00,2025-07-07 21:38:53.992217+00:00,system_metrics,26.31,49.48,41.12
_result,0,1970-01-01 00:00:00+00:00,2025-07-07 22:07:22.815231+00:00,2025-07-07 21:38:57.013928+00:00,system_metrics,24.78,42.6,38.71
_result,0,1970-01-01 00:00:00+00:00,2025-07-07 22:07:22.815231+00:00,2025-07-07 21:39:00.034425+00:00,system_metrics,38.77,47.38,48.85
_result,0,1970-01-01 00:00:00+00:00,2025-07-07 22:07:22.815231+00:00,2025-07-07 21:39:03.056586+00:00,system_metrics,25.95,49.47,35.29
_result,0,1970-01-01 00:00:00+00:00,2025-07-07 22:07:22.815231+00:00,2025-07-07 21:39:06.082126+00:00,system_metrics,25.16,42.17,33.79
_result,0,1970-01-01 00:00:00+00:00,2025-07-07 22:07:22.815231+00:00,2025-07-07 21:39:09.107724+00:00,system_metrics,33.15,54.72,31.77
_result,0,1970-01-01 00:00:00+00:00,2025-07-07 22:07:22.815231+00:00,2025-07-07 21:39:12.128496+00:00,system_metrics,39.78,43.32,43.85
_result,0,1970-01-01 00:00:00+00:00,2025-07-07 22:07:22.815231+00:00,2025-07-07 21:39:15.149491+00:00,system_metrics,94.5,99.93,82.86
_result,0,1970-01-01 00:00:00+00:00,2025-07-07 22:07:22.815231+00:00,2025-07-07 21:39:18.174277+00:00,system_metrics,39.19,54.84,31.24
_result,0,1970-01-01 00:00:00+00:00,2025-07-07 22:07:22.815231+00:00,2025-07-07 21:39:21.198129+00:00,system_metrics,28.27,40.56,47.14
_result,0,1970-01-01 00:00:00+00:00,2025-07-07 22:07:22.815231+00:00,2025-07-07 21:39:24.220260+00:00,system_metrics,28.21,43.63,33.82
_result,0,1970-01-01 00:00:00+00:00,2025-07-07 22:07:22.815231+00:00,2025-07-07 21:39:27.235268+00:00,system_metrics,36.33,58.93,40.25
_result,0,1970-01-01 00:00:00+00:00,2025-07-07 22:07:22.815231+00:00,2025-07-07 21:39:30.254021+00:00,system_metrics,26.67,58.22,45.94
_result,0,1970-01-01 00:00:00+00:00,2025-07-07 22:07:22.815231+00:00,2025-07-07 21:39:33.277623+00:00,system_metrics,26.87,48.93,31.03
_result,0,1970-01-01 00:00:00+00:00,2025-07-07 22:07:22.815231+00:00,2025-07-07 21:39:36.297605+00:00,system_metrics,25.86,46.28,32.15
_result,0,1970-01-01 00:00:00+00:00,2025-07-07 22:07:22.815231+00:00,2025-07-07 21:39:39.318233+00:00,system_metrics,23.89,52.73,35.7
_result,0,1970-01-01 00:00:00+00:00,2025-07-07 22:07:22.815231+00:00,2025-07-07 21:39:42.342872+00:00,system_metrics,36.7,47.73,44.33
_result,0,1970-01-01 00:00:00+00:00,2025-07-07 22:07:22.815231+00:00,2025-07-07 21:39:45.362369+00:00,system_metrics,27.49,54.8,33.13
_result,0,1970-01-01 00:00:00+00:00,2025-07-07 22:07:22.815231+00:00,2025-07-07 21:39:48.385087+00:00,system_metrics,21.3,46.92,37.24
_result,0,1970-01-01 00:00:00+00:00,2025-07-07 22:07:22.815231+00:00,2025-07-07 21:39:51.402478+00:00,system_metrics,39.09,50.01,48.78
_result,0,1970-01-01 00:00:00+00:00,2025-07-07 22:07:22.815231+00:00,2025-07-07 21:39:54.427174+00:00,system_metrics,35.85,57.68,36.14
_result,0,1970-01-01 00:00:00+00:00,2025-07-07 22:07:22.815231+00:00,2025-07-07 21:39:57.450935+00:00,system_metrics,29.81,48.1,46.18
_result,0,1970-01-01 00:00:00+00:00,2025-07-07 22:07:22.815231+00:00,2025-07-07 21:40:00.474700+00:00,system_metrics,36.53,54.02,42.37
_result,0,1970-01-01 00:00:00+00:00,2025-07-07 22:07:22.815231+00:00,2025-07-07 21:40:03.497879+00:00,system_metrics,30.41,58.53,39.9
_result,0,1970-01-01 00:00:00+00:00,2025-07-07 22:07:22.815231+00:00,2025-07-07 21:40:06.516743+00:00,system_metrics,29.65,42.04,45.78
_result,0,1970-01-01 00:00:00+00:00,2025-07-07 22:07:22.815231+00:00,2025-07-07 21:40:09.540817+00:00,system_metrics,30.32,45.32,34.2
_result,0,1970-01-01 00:00:00+00:00,2025-07-07 22:07:22.815231+00:00,2025-07-07 21:40:12.561943+00:00,system_metrics,37.06,49.92,47.48
_result,0,1970-01-01 00:00:00+00:00,2025-07-07 22:07:22.815231+00:00,2025-07-07 21:40:15.584968+00:00,system_metrics,95.73,90.01,92.38
_result,0,1970-01-01 00:00:00+00:00,2025-07-07 22:07:22.815231+00:00,2025-07-07 21:40:18.611710+00:00,system_metrics,20.89,56.2,31.9
_result,0,1970-01-01 00:00:00+00:00,2025-07-07 22:07:22.815231+00:00,2025-07-07 21:40:21.636358+00:00,system_metrics,22.46,47.82,44.74
_result,0,1970-01-01 00:00:00+00:00,2025-07-07 22:07:22.815231+00:00,2025-07-07 21:40:24.659890+00:00,system_metrics,87.01,98.25,89.54
_result,0,1970-01-01 00:00:00+00:00,2025-07-07 22:07:22.815231+00:00,2025-07-07 21:40:27.671458+00:00,system_metrics,27.95,56.27,47.6
_result,0,1970-01-01 00:00:00+00:00,2025-07-07 22:07:22.815231+00:00,2025-07-07 21:40:30.692884+00:00,system_metrics,20.13,50.86,31.74
_result,0,1970-01-01 00:00:00+00:00,2025-07-07 22:07:22.815231+00:00,2025-07-07 21:40:33.718023+00:00,system_metrics,24.88,40.67,46.81
_result,0,1970-01-01 00:00:00+00:00,2025-07-07 22:07:22.815231+00:00,2025-07-07 21:40:36.741603+00:00,system_metrics,30.2,51.39,36.59
_result,0,1970-01-01 00:00:00+00:00,2025-07-07 22:07:22.815231+00:00,2025-07-07 21:40:39.755184+00:00,system_metrics,26.16,45.45,37.46
_result,0,1970-01-01 00:00:00+00:00,2025-07-07 22:07:22.815231+00:00,2025-07-07 21:40:42.778050+00:00,system_metrics,22.72,58.0,48.08
_result,0,1970-01-01 00:00:00+00:00,2025-07-07 22:07:22.815231+00:00,2025-07-07 21:40:45.799183+00:00,system_metrics,29.24,51.29,34.82
_result,0,1970-01-01 00:00:00+00:00,2025-07-07 22:07:22.815231+00:00,2025-07-07 21:40:48.818515+00:00,system_metrics,30.8,50.85,38.62
_result,0,1970-01-01 00:00:00+00:00,2025-07-07 22:07:22.815231+00:00,2025-07-07 21:40:51.840900+00:00,system_metrics,35.45,51.34,44.82
_result,0,1970-01-01 00:00:00+00:00,2025-07-07 22:07:22.815231+00:00,2025-07-07 21:40:54.864596+00:00,system_metrics,22.82,51.31,47.43
_result,0,1970-01-01 00:00:00+00:00,2025-07-07 22:07:22.815231+00:00,2025-07-07 21:40:57.885131+00:00,system_metrics,28.4,50.91,39.56
_result,0,1970-01-01 00:00:00+00:00,2025-07-07 22:07:22.815231+00:00,2025-07-07 21:41:00.905899+00:00,system_metrics,26.67,57.27,38.31
_result,0,1970-01-01 00:00:00+00:00,2025-07-07 22:07:22.815231+00:00,2025-07-07 21:41:03.923070+00:00,system_metrics,38.97,55.47,35.77
_result,0,1970-01-01 00:00:00+00:00,2025-07-07 22:07:22.815231+00:00,2025-07-07 21:41:06.945899+00:00,system_metrics,37.36,50.22,41.91
_result,0,1970-01-01 00:00:00+00:00,2025-07-07 22:07:22.815231+00:00,2025-07-07 21:41:09.968144+00:00,system_metrics,38.1,42.46,41.04
_result,0,1970-01-01 00:00:00+00:00,2025-07-07 22:07:22.815231+00:00,2025-07-07 21:41:12.992155+00:00,system_metrics,98.14,90.97,90.22
_result,0,1970-01-01 00:00:00+00:00,2025-07-07 22:07:22.815231+00:00,2025-07-07 21:41:16.015492+00:00,system_metrics,21.52,41.62,37.71
_result,0,1970-01-01 00:00:00+00:00,2025-07-07 22:07:22.815231+00:00,2025-07-07 21:41:19.039267+00:00,system_metrics,27.5,57.96,31.83
_result,0,1970-01-01 00:00:00+00:00,2025-07-07 22:07:22.815231+00:00,2025-07-07 21:41:22.058924+00:00,system_metrics,30.56,46.04,42.5
_result,0,1970-01-01 00:00:00+00:00,2025-07-07 22:07:22.815231+00:00,2025-07-07 21:41:25.083176+00:00,system_metrics,30.07,54.03,43.55
_result,0,1970-01-01 00:00:00+00:00,2025-07-07 22:07:22.815231+00:00,2025-07-07 21:41:28.100355+00:00,system_metrics,39.86,52.35,43.85
_result,0,1970-01-01 00:00:00+00:00,2025-07-07 22:07:22.815231+00:00,2025-07-07 21:41:31.120262+00:00,system_metrics,26.98,52.93,32.19
_result,0,1970-01-01 00:00:00+00:00,2025-07-07 22:07:22.815231+00:00,2025-07-07 21:41:34.142803+00:00,system_metrics,27.76,56.3,41.53
_result,0,1970-01-01 00:00:00+00:00,2025-07-07 22:07:22.815231+00:00,2025-07-07 21:41:37.165686+00:00,system_metrics,23.51,47.0,49.58
_result,0,1970-01-01 00:00:00+00:00,2025-07-07 22:07:22.815231+00:00,2025-07-07 21:41:40.189062+00:00,system_metrics,37.59,55.57,31.03
_result,0,1970-01-01 00:00:00+00:00,2025-07-07 22:07:22.815231+00:00,2025-07-07 21:41:43.212355+00:00,system_metrics,94.61,98.47,88.14
_result,0,1970-01-01 00:00:00+00:00,2025-07-07 22:07:22.815231+00:00,2025-07-07 21:41:46.274853+00:00,system_metrics,32.34,55.58,30.22
_result,0,1970-01-01 00:00:00+00:00,2025-07-07 22:07:22.815231+00:00,2025-07-07 21:41:49.298873+00:00,system_metrics,30.86,50.17,31.16
_result,0,1970-01-01 00:00:00+00:00,2025-07-07 22:07:22.815231+00:00,2025-07-07 21:41:52.316360+00:00,system_metrics,35.34,59.7,44.86
_result,0,1970-01-01 00:00:00+00:00,2025-07-07 22:07:22.815231+00:00,2025-07-07 21:41:55.334131+00:00,system_metrics,20.07,41.72,36.87
_result,0,1970-01-01 00:00:00+00:00,2025-07-07 22:07:22.815231+00:00,2025-07-07 21:41:58.357718+00:00,system_metrics,27.73,43.69,30.16
_result,0,1970-01-01 00:00:00+00:00,2025-07-07 22:07:22.815231+00:00,2025-07-07 21:42:01.381944+00:00,system_metrics,37.14,56.86,39.58
_result,0,1970-01-01 00:00:00+00:00,2025-07-07 22:07:22.815231+00:00,2025-07-07 21:42:04.403522+00:00,system_metrics,86.42,94.59,86.74
_result,0,1970-01-01 00:00:00+00:00,2025-07-07 22:07:22.815231+00:00,2025-07-07 21:42:07.424956+00:00,system_metrics,33.28,52.46,45.08
_result,0,1970-01-01 00:00:00+00:00,2025-07-07 22:07:22.815231+00:00,2025-07-07 21:42:10.445143+00:00,system_metrics,25.16,54.82,30.75
_result,0,1970-01-01 00:00:00+00:00,2025-07-07 22:07:22.815231+00:00,2025-07-07 21:42:13.465205+00:00,system_metrics,24.51,49.64,40.61
_result,0,1970-01-01 00:00:00+00:00,2025-07-07 22:07:22.815231+00:00,2025-07-07 21:42:16.485087+00:00,system_metrics,34.06,41.35,46.99
_result,0,1970-01-01 00:00:00+00:00,2025-07-07 22:07:22.815231+00:00,2025-07-07 21:42:19.508046+00:00,system_metrics,30.18,55.52,40.72
_result,0,1970-01-01 00:00:00+00:00,2025-07-07 22:07:22.815231+00:00,2025-07-07 21:42:22.529602+00:00,system_metrics,25.89,58.84,34.56
_result,0,1970-01-01 00:00:00+00:00,2025-07-07 22:07:22.815231+00:00,2025-07-07 21:42:25.549570+00:00,system_metrics,33.75,46.09,37.91
_result,0,1970-01-01 00:00:00+00:00,2025-07-07 22:07:22.815231+00:00,2025-07-07 21:42:28.571498+00:00,system_metrics,20.93,54.58,32.39
_result,0,1970-01-01 00:00:00+00:00,2025-07-07 22:07:22.815231+00:00,2025-07-07 21:42:31.591183+00:00,system_metrics,85.16,99.57,85.21
_result,0,1970-01-01 00:00:00+00:00,2025-07-07 22:07:22.815231+00:00,2025-07-07 21:42:34.615339+00:00,system_metrics,27.94,59.87,48.7
_result,0,1970-01-01 00:00:00+00:00,2025-07-07 22:07:22.815231+00:00,2025-07-07 21:42:37.639304+00:00,system_metrics,20.92,40.08,41.74
_result,0,1970-01-01 00:00:00+00:00,2025-07-07 22:07:22.815231+00:00,2025-07-07 21:42:40.661878+00:00,system_metrics,32.6,41.35,41.47
_result,0,1970-01-01 00:00:00+00:00,2025-07-07 22:07:22.815231+00:00,2025-07-07 21:42:43.683183+00:00,system_metrics,28.02,56.83,35.38
_result,0,1970-01-01 00:00:00+00:00,2025-07-07 22:07:22.815231+00:00,2025-07-07 21:42:46.707322+00:00,system_metrics,37.89,58.99,40.72
_result,0,1970-01-01 00:00:00+00:00,2025-07-07 22:07:22.815231+00:00,2025-07-07 21:42:49.736151+00:00,system_metrics,30.8,58.68,33.26
_result,0,1970-01-01 00:00:00+00:00,2025-07-07 22:07:22.815231+00:00,2025-07-07 21:42:52.758687+00:00,system_metrics,23.77,55.34,31.64
_result,0,1970-01-01 00:00:00+00:00,2025-07-07 22:07:22.815231+00:00,2025-07-07 21:42:55.782310+00:00,system_metrics,26.93,48.31,45.49
_result,0,1970-01-01 00:00:00+00:00,2025-07-07 22:07:22.815231+00:00,2025-07-07 21:42:58.800639+00:00,system_metrics,28.2,45.82,40.07
_result,0,1970-01-01 00:00:00+00:00,2025-07-07 22:07:22.815231+00:00,2025-07-07 21:43:01.821580+00:00,system_metrics,22.02,40.29,49.76
_result,0,1970-01-01 00:00:00+00:00,2025-07-07 22:07:22.815231+00:00,2025-07-07 21:43:04.841970+00:00,system_metrics,28.44,49.2,44.88
_result,0,1970-01-01 00:00:00+00:00,2025-07-07 22:07:22.815231+00:00,2025-07-07 21:43:07.865449+00:00,system_metrics,36.84,40.05,42.75
_result,0,1970-01-01 00:00:00+00:00,2025-07-07 22:07:22.815231+00:00,2025-07-07 21:43:10.889618+00:00,system_metrics,23.86,48.18,49.23
_result,0,1970-01-01 00:00:00+00:00,2025-07-07 22:07:22.815231+00:00,2025-07-07 21:43:13.910572+00:00,system_metrics,35.89,50.01,33.52
_result,0,1970-01-01 00:00:00+00:00,2025-07-07 22:07:22.815231+00:00,2025-07-07 21:43:16.933224+00:00,system_metrics,26.54,43.86,44.29
_result,0,1970-01-01 00:00:00+00:00,2025-07-07 22:07:22.815231+00:00,2025-07-07 21:43:19.957260+00:00,system_metrics,20.62,57.16,49.66
_result,0,1970-01-01 00:00:00+00:00,2025-07-07 22:07:22.815231+00:00,2025-07-07 21:43:22.978365+00:00,system_metrics,30.69,56.91,43.64
_result,0,1970-01-01 00:00:00+00:00,2025-07-07 22:07:22.815231+00:00,2025-07-07 21:43:25.998332+00:00,system_metrics,20.83,41.16,37.92
_result,0,1970-01-01 00:00:00+00:00,2025-07-07 22:07:22.815231+00:00,2025-07-07 21:43:29.020627+00:00,system_metrics,35.47,53.25,45.32
_result,0,1970-01-01 00:00:00+00:00,2025-07-07 22:07:22.815231+00:00,2025-07-07 21:43:32.040028+00:00,system_metrics,21.85,50.64,35.5
_result,0,1970-01-01 00:00:00+00:00,2025-07-07 22:07:22.815231+00:00,2025-07-07 21:43:35.063512+00:00,system_metrics,22.54,58.9,43.76
_result,0,1970-01-01 00:00:00+00:00,2025-07-07 22:07:22.815231+00:00,2025-07-07 21:43:38.083412+00:00,system_metrics,32.64,52.38,30.35
_result,0,1970-01-01 00:00:00+00:00,2025-07-07 22:07:22.815231+00:00,2025-07-07 21:43:41.105149+00:00,system_metrics,23.02,45.68,39.55
_result,0,1970-01-01 00:00:00+00:00,2025-07-07 22:07:22.815231+00:00,2025-07-07 21:43:44.128119+00:00,system_metrics,34.68,46.9,34.72
_result,0,1970-01-01 00:00:00+00:00,2025-07-07 22:07:22.815231+00:00,2025-07-07 21:43:47.148827+00:00,system_metrics,38.13,50.35,34.46
_result,0,1970-01-01 00:00:00+00:00,2025-07-07 22:07:22.815231+00:00,2025-07-07 21:43:50.170254+00:00,system_metrics,90.58,91.0,88.29
_result,0,1970-01-01 00:00:00+00:00,2025-07-07 22:07:22.815231+00:00,2025-07-07 21:43:53.192564+00:00,system_metrics,37.67,54.05,35.58
_result,0,1970-01-01 00:00:00+00:00,2025-07-07 22:07:22.815231+00:00,2025-07-07 21:43:56.210473+00:00,system_metrics,24.8,56.93,45.8
_result,0,1970-01-01 00:00:00+00:00,2025-07-07 22:07:22.815231+00:00,2025-07-07 21:43:59.234002+00:00,system_metrics,91.86,99.87,88.22
_result,0,1970-01-01 00:00:00+00:00,2025-07-07 22:07:22.815231+00:00,2025-07-07 21:44:02.253992+00:00,system_metrics,25.44,42.13,49.67
_result,0,1970-01-01 00:00:00+00:00,2025-07-07 22:07:22.815231+00:00,2025-07-07 21:44:05.277273+00:00,system_metrics,30.2,53.05,37.99
_result,0,1970-01-01 00:00:00+00:00,2025-07-07 22:07:22.815231+00:00,2025-07-07 21:44:08.297935+00:00,system_metrics,36.92,59.68,39.54
_result,0,1970-01-01 00:00:00+00:00,2025-07-07 22:07:22.815231+00:00,2025-07-07 21:44:11.318910+00:00,system_metrics,20.84,55.08,43.94
_result,0,1970-01-01 00:00:00+00:00,2025-07-07 22:07:22.815231+00:00,2025-07-07 21:44:14.339322+00:00,system_metrics,98.08,99.08,89.13
_result,0,1970-01-01 00:00:00+00:00,2025-07-07 22:07:22.815231+00:00,2025-07-07 21:44:17.356991+00:00,system_metrics,31.46,45.55,37.69
_result,0,1970-01-01 00:00:00+00:00,2025-07-07 22:07:22.815231+00:00,2025-07-07 21:44:20.377864+00:00,system_metrics,34.39,51.81,35.36
_result,0,1970-01-01 00:00:00+00:00,2025-07-07 22:07:22.815231+00:00,2025-07-07 21:44:23.399036+00:00,system_metrics,31.91,56.62,49.64
_result,0,1970-01-01 00:00:00+00:00,2025-07-07 22:07:22.815231+00:00,2025-07-07 21:44:26.418983+00:00,system_metrics,39.39,51.02,34.69
_result,0,1970-01-01 00:00:00+00:00,2025-07-07 22:07:22.815231+00:00,2025-07-07 21:44:29.442478+00:00,system_metrics,91.03,90.15,94.67
_result,0,1970-01-01 00:00:00+00:00,2025-07-07 22:07:22.815231+00:00,2025-07-07 21:44:32.466572+00:00,system_metrics,34.82,57.18,34.16
_result,0,1970-01-01 00:00:00+00:00,2025-07-07 22:07:22.815231+00:00,2025-07-07 21:44:35.484565+00:00,system_metrics,32.08,47.27,32.76
_result,0,1970-01-01 00:00:00+00:00,2025-07-07 22:07:22.815231+00:00,2025-07-07 21:44:38.504870+00:00,system_metrics,30.69,46.72,47.02
_result,0,1970-01-01 00:00:00+00:00,2025-07-07 22:07:22.815231+00:00,2025-07-07 21:44:41.528693+00:00,system_metrics,35.48,40.11,35.97
_result,0,1970-01-01 00:00:00+00:00,2025-07-07 22:07:22.815231+00:00,2025-07-07 21:44:44.549943+00:00,system_metrics,35.86,49.3,31.42
_result,0,1970-01-01 00:00:00+00:00,2025-07-07 22:07:22.815231+00:00,2025-07-07 21:44:47.572369+00:00,system_metrics,28.24,51.54,39.72
_result,0,1970-01-01 00:00:00+00:00,2025-07-07 22:07:22.815231+00:00,2025-07-07 21:44:50.591036+00:00,system_metrics,27.8,43.52,42.96
_result,0,1970-01-01 00:00:00+00:00,2025-07-07 22:07:22.815231+00:00,2025-07-07 21:44:53.612106+00:00,system_metrics,21.72,46.23,40.78
_result,0,1970-01-01 00:00:00+00:00,2025-07-07 22:07:22.815231+00:00,2025-07-07 21:44:56.630200+00:00,system_metrics,26.01,50.67,33.75
_result,0,1970-01-01 00:00:00+00:00,2025-07-07 22:07:22.815231+00:00,2025-07-07 21:44:59.649432+00:00,system_metrics,26.43,58.92,34.08
_result,0,1970-01-01 00:00:00+00:00,2025-07-07 22:07:22.815231+00:00,2025-07-07 21:45:02.668946+00:00,system_metrics,26.19,50.91,35.34
_result,0,1970-01-01 00:00:00+00:00,2025-07-07 22:07:22.815231+00:00,2025-07-07 21:45:05.692344+00:00,system_metrics,30.35,56.5,48.16
_result,0,1970-01-01 00:00:00+00:00,2025-07-07 22:07:22.815231+00:00,2025-07-07 21:45:08.714582+00:00,system_metrics,35.01,46.51,32.77
_result,0,1970-01-01 00:00:00+00:00,2025-07-07 22:07:22.815231+00:00,2025-07-07 21:45:11.732407+00:00,system_metrics,23.08,52.35,48.08
_result,0,1970-01-01 00:00:00+00:00,2025-07-07 22:07:22.815231+00:00,2025-07-07 21:45:14.755398+00:00,system_metrics,32.57,45.94,40.3
_result,0,1970-01-01 00:00:00+00:00,2025-07-07 22:07:22.815231+00:00,2025-07-07 21:45:17.774625+00:00,system_metrics,26.31,59.42,37.29
_result,0,1970-01-01 00:00:00+00:00,2025-07-07 22:07:22.815231+00:00,2025-07-07 21:45:20.795533+00:00,system_metrics,36.11,47.09,38.76
_result,0,1970-01-01 00:00:00+00:00,2025-07-07 22:07:22.815231+00:00,2025-07-07 21:45:23.815145+00:00,system_metrics,32.36,59.98,47.48
_result,0,1970-01-01 00:00:00+00:00,2025-07-07 22:07:22.815231+00:00,2025-07-07 21:45:26.835366+00:00,system_metrics,86.72,96.71,88.82
_result,0,1970-01-01 00:00:00+00:00,2025-07-07 22:07:22.815231+00:00,2025-07-07 21:45:29.850774+00:00,system_metrics,33.66,49.94,46.09
_result,0,1970-01-01 00:00:00+00:00,2025-07-07 22:07:22.815231+00:00,2025-07-07 21:45:32.872527+00:00,system_metrics,23.03,56.13,40.82
_result,0,1970-01-01 00:00:00+00:00,2025-07-07 22:07:22.815231+00:00,2025-07-07 21:45:35.895802+00:00,system_metrics,31.71,49.26,37.15
_result,0,1970-01-01 00:00:00+00:00,2025-07-07 22:07:22.815231+00:00,2025-07-07 21:45:38.916964+00:00,system_metrics,32.93,56.21,41.52
_result,0,1970-01-01 00:00:00+00:00,2025-07-07 22:07:22.815231+00:00,2025-07-07 21:45:41.938845+00:00,system_metrics,35.9,45.52,38.45
_result,0,1970-01-01 00:00:00+00:00,2025-07-07 22:07:22.815231+00:00,2025-07-07 21:45:44.960924+00:00,system_metrics,31.16,43.2,47.48
_result,0,1970-01-01 00:00:00+00:00,2025-07-07 22:07:22.815231+00:00,2025-07-07 21:45:47.982653+00:00,system_metrics,25.75,47.12,32.26
_result,0,1970-01-01 00:00:00+00:00,2025-07-07 22:07:22.815231+00:00,2025-07-07 21:45:51.005753+00:00,system_metrics,24.71,44.61,37.17
_result,0,1970-01-01 00:00:00+00:00,2025-07-07 22:07:22.815231+00:00,2025-07-07 21:45:54.027399+00:00,system_metrics,32.28,42.41,41.44
_result,0,1970-01-01 00:00:00+00:00,2025-07-07 22:07:22.815231+00:00,2025-07-07 21:45:57.050604+00:00,system_metrics,24.13,57.71,30.64
_result,0,1970-01-01 00:00:00+00:00,2025-07-07 22:07:22.815231+00:00,2025-07-07 21:46:00.071406+00:00,system_metrics,37.05,40.44,35.89
_result,0,1970-01-01 00:00:00+00:00,2025-07-07 22:07:22.815231+00:00,2025-07-07 21:46:03.091507+00:00,system_metrics,20.91,49.18,46.69
_result,0,1970-01-01 00:00:00+00:00,2025-07-07 22:07:22.815231+00:00,2025-07-07 21:46:06.114176+00:00,system_metrics,33.47,54.87,39.95
_result,0,1970-01-01 00:00:00+00:00,2025-07-07 22:07:22.815231+00:00,2025-07-07 21:46:09.139224+00:00,system_metrics,24.39,52.95,30.97
_result,0,1970-01-01 00:00:00+00:00,2025-07-07 22:07:22.815231+00:00,2025-07-07 21:46:12.160815+00:00,system_metrics,24.01,41.63,42.76
_result,0,1970-01-01 00:00:00+00:00,2025-07-07 22:07:22.815231+00:00,2025-07-07 21:46:15.185148+00:00,system_metrics,20.07,49.61,32.54
_result,0,1970-01-01 00:00:00+00:00,2025-07-07 22:07:22.815231+00:00,2025-07-07 21:46:18.207078+00:00,system_metrics,31.36,57.75,47.23
_result,0,1970-01-01 00:00:00+00:00,2025-07-07 22:07:22.815231+00:00,2025-07-07 21:46:21.225218+00:00,system_metrics,32.66,46.95,49.53
_result,0,1970-01-01 00:00:00+00:00,2025-07-07 22:07:22.815231+00:00,2025-07-07 21:46:24.247866+00:00,system_metrics,35.41,55.06,39.01
_result,0,1970-01-01 00:00:00+00:00,2025-07-07 22:07:22.815231+00:00,2025-07-07 21:46:27.269527+00:00,system_metrics,33.05,58.08,47.81
_result,0,1970-01-01 00:00:00+00:00,2025-07-07 22:07:22.815231+00:00,2025-07-07 21:46:30.293278+00:00,system_metrics,22.99,57.33,32.26
_result,0,1970-01-01 00:00:00+00:00,2025-07-07 22:07:22.815231+00:00,2025-07-07 21:46:33.314443+00:00,system_metrics,89.73,96.47,94.39
_result,0,1970-01-01 00:00:00+00:00,2025-07-07 22:07:22.815231+00:00,2025-07-07 21:46:36.339091+00:00,system_metrics,85.99,91.05,85.32
_result,0,1970-01-01 00:00:00+00:00,2025-07-07 22:07:22.815231+00:00,2025-07-07 21:46:39.361488+00:00,system_metrics,91.55,94.55,93.33
_result,0,1970-01-01 00:00:00+00:00,2025-07-07 22:07:22.815231+00:00,2025-07-07 21:46:42.383099+00:00,system_metrics,34.57,40.52,41.84
_result,0,1970-01-01 00:00:00+00:00,2025-07-07 22:07:22.815231+00:00,2025-07-07 21:46:45.405517+00:00,system_metrics,22.5,53.0,39.02
_result,0,1970-01-01 00:00:00+00:00,2025-07-07 22:07:22.815231+00:00,2025-07-07 21:46:48.428146+00:00,system_metrics,35.3,56.93,41.03
_result,0,1970-01-01 00:00:00+00:00,2025-07-07 22:07:22.815231+00:00,2025-07-07 21:46:51.449879+00:00,system_metrics,36.22,54.58,39.56
_result,0,1970-01-01 00:00:00+00:00,2025-07-07 22:07:22.815231+00:00,2025-07-07 21:46:54.468612+00:00,system_metrics,34.06,50.53,43.25
_result,0,1970-01-01 00:00:00+00:00,2025-07-07 22:07:22.815231+00:00,2025-07-07 21:46:57.492077+00:00,system_metrics,27.02,49.0,48.37
_result,0,1970-01-01 00:00:00+00:00,2025-07-07 22:07:22.815231+00:00,2025-07-07 21:47:00.511721+00:00,system_metrics,26.95,48.62,43.56
_result,0,1970-01-01 00:00:00+00:00,2025-07-07 22:07:22.815231+00:00,2025-07-07 21:47:03.533785+00:00,system_metrics,35.29,58.2,32.79
_result,0,1970-01-01 00:00:00+00:00,2025-07-07 22:07:22.815231+00:00,2025-07-07 21:47:06.555377+00:00,system_metrics,35.09,52.25,48.55
_result,0,1970-01-01 00:00:00+00:00,2025-07-07 22:07:22.815231+00:00,2025-07-07 21:47:09.576568+00:00,system_metrics,33.73,59.82,43.42
_result,0,1970-01-01 00:00:00+00:00,2025-07-07 22:07:22.815231+00:00,2025-07-07 21:47:12.597590+00:00,system_metrics,93.22,91.41,92.72
_result,0,1970-01-01 00:00:00+00:00,2025-07-07 22:07:22.815231+00:00,2025-07-07 21:47:15.616686+00:00,system_metrics,23.85,52.81,34.59
_result,0,1970-01-01 00:00:00+00:00,2025-07-07 22:07:22.815231+00:00,2025-07-07 21:47:18.640135+00:00,system_metrics,20.98,51.5,44.94
_result,0,1970-01-01 00:00:00+00:00,2025-07-07 22:07:22.815231+00:00,2025-07-07 21:47:21.664395+00:00,system_metrics,22.51,55.47,38.63
_result,0,1970-01-01 00:00:00+00:00,2025-07-07 22:07:22.815231+00:00,2025-07-07 21:47:24.688199+00:00,system_metrics,36.02,59.89,42.66
_result,0,1970-01-01 00:00:00+00:00,2025-07-07 22:07:22.815231+00:00,2025-07-07 21:47:27.710357+00:00,system_metrics,30.81,47.77,46.27
_result,0,1970-01-01 00:00:00+00:00,2025-07-07 22:07:22.815231+00:00,2025-07-07 21:47:30.731969+00:00,system_metrics,25.89,58.69,37.89
_result,0,1970-01-01 00:00:00+00:00,2025-07-07 22:07:22.815231+00:00,2025-07-07 21:47:33.755914+00:00,system_metrics,26.52,43.65,47.49
_result,0,1970-01-01 00:00:00+00:00,2025-07-07 22:07:22.815231+00:00,2025-07-07 21:47:36.774087+00:00,system_metrics,87.3,98.98,85.15
_result,0,1970-01-01 00:00:00+00:00,2025-07-07 22:07:22.815231+00:00,2025-07-07 21:47:39.795870+00:00,system_metrics,24.15,53.78,39.41
_result,0,1970-01-01 00:00:00+00:00,2025-07-07 22:07:22.815231+00:00,2025-07-07 21:47:42.817026+00:00,system_metrics,39.89,41.58,48.91
_result,0,1970-01-01 00:00:00+00:00,2025-07-07 22:07:22.815231+00:00,2025-07-07 21:47:45.838490+00:00,system_metrics,34.57,40.99,33.97
_result,0,1970-01-01 00:00:00+00:00,2025-07-07 22:07:22.815231+00:00,2025-07-07 21:47:48.863221+00:00,system_metrics,32.58,52.67,46.85
_result,0,1970-01-01 00:00:00+00:00,2025-07-07 22:07:22.815231+00:00,2025-07-07 21:47:51.881867+00:00,system_metrics,37.56,50.46,32.15
_result,0,1970-01-01 00:00:00+00:00,2025-07-07 22:07:22.815231+00:00,2025-07-07 21:47:54.903672+00:00,system_metrics,87.93,94.41,87.74
_result,0,1970-01-01 00:00:00+00:00,2025-07-07 22:07:22.815231+00:00,2025-07-07 21:47:57.926470+00:00,system_metrics,38.62,40.45,31.48
_result,0,1970-01-01 00:00:00+00:00,2025-07-07 22:07:22.815231+00:00,2025-07-07 21:48:00.946417+00:00,system_metrics,32.19,44.46,43.97
_result,0,1970-01-01 00:00:00+00:00,2025-07-07 22:07:22.815231+00:00,2025-07-07 21:48:03.965639+00:00,system_metrics,36.36,43.87,36.02
_result,0,1970-01-01 00:00:00+00:00,2025-07-07 22:07:22.815231+00:00,2025-07-07 21:48:06.976331+00:00,system_metrics,31.28,45.74,48.96
_result,0,1970-01-01 00:00:00+00:00,2025-07-07 22:07:22.815231+00:00,2025-07-07 21:48:09.998209+00:00,system_metrics,31.28,40.01,42.29
_result,0,1970-01-01 00:00:00+00:00,2025-07-07 22:07:22.815231+00:00,2025-07-07 21:48:13.019830+00:00,system_metrics,36.83,46.33,31.33
_result,0,1970-01-01 00:00:00+00:00,2025-07-07 22:07:22.815231+00:00,2025-07-07 21:48:16.041855+00:00,system_metrics,27.03,42.47,48.07
_result,0,1970-01-01 00:00:00+00:00,2025-07-07 22:07:22.815231+00:00,2025-07-07 21:48:19.066460+00:00,system_metrics,38.97,51.4,46.4
_result,0,1970-01-01 00:00:00+00:00,2025-07-07 22:07:22.815231+00:00,2025-07-07 21:48:22.083979+00:00,system_metrics,31.27,47.63,30.94
_result,0,1970-01-01 00:00:00+00:00,2025-07-07 22:07:22.815231+00:00,2025-07-07 21:48:25.104134+00:00,system_metrics,23.36,42.19,34.83
_result,0,1970-01-01 00:00:00+00:00,2025-07-07 22:07:22.815231+00:00,2025-07-07 21:48:28.125982+00:00,system_metrics,35.17,46.61,42.69
_result,0,1970-01-01 00:00:00+00:00,2025-07-07 22:07:22.815231+00:00,2025-07-07 21:48:31.149890+00:00,system_metrics,33.66,56.92,42.23
_result,0,1970-01-01 00:00:00+00:00,2025-07-07 22:07:22.815231+00:00,2025-07-07 21:48:34.171866+00:00,system_metrics,22.3,50.55,45.35
_result,0,1970-01-01 00:00:00+00:00,2025-07-07 22:07:22.815231+00:00,2025-07-07 21:48:37.204934+00:00,system_metrics,25.88,49.55,35.16
_result,0,1970-01-01 00:00:00+00:00,2025-07-07 22:07:22.815231+00:00,2025-07-07 21:48:40.228524+00:00,system_metrics,29.12,50.77,45.98
_result,0,1970-01-01 00:00:00+00:00,2025-07-07 22:07:22.815231+00:00,2025-07-07 21:48:43.247959+00:00,system_metrics,35.48,58.91,45.2
_result,0,1970-01-01 00:00:00+00:00,2025-07-07 22:07:22.815231+00:00,2025-07-07 21:48:46.269148+00:00,system_metrics,36.97,55.32,46.02
_result,0,1970-01-01 00:00:00+00:00,2025-07-07 22:07:22.815231+00:00,2025-07-07 21:48:49.290888+00:00,system_metrics,37.13,52.41,34.61
_result,0,1970-01-01 00:00:00+00:00,2025-07-07 22:07:22.815231+00:00,2025-07-07 21:48:52.312299+00:00,system_metrics,33.74,40.2,46.96
_result,0,1970-01-01 00:00:00+00:00,2025-07-07 22:07:22.815231+00:00,2025-07-07 21:48:55.334172+00:00,system_metrics,35.42,55.63,44.9
_result,0,1970-01-01 00:00:00+00:00,2025-07-07 22:07:22.815231+00:00,2025-07-07 21:48:58.356831+00:00,system_metrics,23.84,51.94,46.99
_result,0,1970-01-01 00:00:00+00:00,2025-07-07 22:07:22.815231+00:00,2025-07-07 21:49:01.377772+00:00,system_metrics,21.01,58.53,31.71
_result,0,1970-01-01 00:00:00+00:00,2025-07-07 22:07:22.815231+00:00,2025-07-07 21:49:04.397439+00:00,system_metrics,89.44,99.38,89.14
_result,0,1970-01-01 00:00:00+00:00,2025-07-07 22:07:22.815231+00:00,2025-07-07 21:49:07.414466+00:00,system_metrics,22.86,48.32,44.59
_result,0,1970-01-01 00:00:00+00:00,2025-07-07 22:07:22.815231+00:00,2025-07-07 21:49:10.434496+00:00,system_metrics,27.35,54.21,34.06
_result,0,1970-01-01 00:00:00+00:00,2025-07-07 22:07:22.815231+00:00,2025-07-07 21:49:13.456005+00:00,system_metrics,90.17,96.38,81.42
_result,0,1970-01-01 00:00:00+00:00,2025-07-07 22:07:22.815231+00:00,2025-07-07 21:49:16.478260+00:00,system_metrics,38.3,45.55,31.45
_result,0,1970-01-01 00:00:00+00:00,2025-07-07 22:07:22.815231+00:00,2025-07-07 21:49:19.497854+00:00,system_metrics,39.54,53.03,38.73
_result,0,1970-01-01 00:00:00+00:00,2025-07-07 22:07:22.815231+00:00,2025-07-07 21:49:22.521203+00:00,system_metrics,25.92,48.33,31.87
_result,0,1970-01-01 00:00:00+00:00,2025-07-07 22:07:22.815231+00:00,2025-07-07 21:49:25.542821+00:00,system_metrics,29.99,41.08,47.13
_result,0,1970-01-01 00:00:00+00:00,2025-07-07 22:07:22.815231+00:00,2025-07-07 21:49:28.564614+00:00,system_metrics,86.6,98.14,85.51
_result,0,1970-01-01 00:00:00+00:00,2025-07-07 22:07:22.815231+00:00,2025-07-07 21:49:31.586636+00:00,system_metrics,28.59,43.42,38.56
_result,0,1970-01-01 00:00:00+00:00,2025-07-07 22:07:22.815231+00:00,2025-07-07 21:49:34.611662+00:00,system_metrics,24.4,42.25,32.85
_result,0,1970-01-01 00:00:00+00:00,2025-07-07 22:07:22.815231+00:00,2025-07-07 21:49:37.635083+00:00,system_metrics,39.51,44.89,38.42
_result,0,1970-01-01 00:00:00+00:00,2025-07-07 22:07:22.815231+00:00,2025-07-07 21:49:40.654575+00:00,system_metrics,95.52,98.07,84.92
_result,0,1970-01-01 00:00:00+00:00,2025-07-07 22:07:22.815231+00:00,2025-07-07 21:49:43.677258+00:00,system_metrics,23.18,41.11,31.91
_result,0,1970-01-01 00:00:00+00:00,2025-07-07 22:07:22.815231+00:00,2025-07-07 21:49:46.699576+00:00,system_metrics,24.73,48.04,43.79
_result,0,1970-01-01 00:00:00+00:00,2025-07-07 22:07:22.815231+00:00,2025-07-07 21:49:49.721663+00:00,system_metrics,26.37,43.72,38.69
_result,0,1970-01-01 00:00:00+00:00,2025-07-07 22:07:22.815231+00:00,2025-07-07 21:49:52.743643+00:00,system_metrics,91.33,91.87,94.62
_result,0,1970-01-01 00:00:00+00:00,2025-07-07 22:07:22.815231+00:00,2025-07-07 21:49:55.764406+00:00,system_metrics,21.0,56.04,39.0
_result,0,1970-01-01 00:00:00+00:00,2025-07-07 22:07:22.815231+00:00,2025-07-07 21:49:58.787622+00:00,system_metrics,28.13,53.68,40.33
_result,0,1970-01-01 00:00:00+00:00,2025-07-07 22:07:22.815231+00:00,2025-07-07 21:50:01.809975+00:00,system_metrics,38.73,40.28,48.03
_result,0,1970-01-01 00:00:00+00:00,2025-07-07 22:07:22.815231+00:00,2025-07-07 21:50:04.830284+00:00,system_metrics,23.33,58.64,36.9
_result,0,1970-01-01 00:00:00+00:00,2025-07-07 22:07:22.815231+00:00,2025-07-07 21:50:07.854298+00:00,system_metrics,98.52,99.96,88.63
_result,0,1970-01-01 00:00:00+00:00,2025-07-07 22:07:22.815231+00:00,2025-07-07 21:50:10.875476+00:00,system_metrics,20.32,49.81,30.64
_result,0,1970-01-01 00:00:00+00:00,2025-07-07 22:07:22.815231+00:00,2025-07-07 21:50:13.896475+00:00,system_metrics,22.45,54.37,41.28
_result,0,1970-01-01 00:00:00+00:00,2025-07-07 22:07:22.815231+00:00,2025-07-07 21:50:16.913943+00:00,system_metrics,36.27,41.25,34.71
_result,0,1970-01-01 00:00:00+00:00,2025-07-07 22:07:22.815231+00:00,2025-07-07 21:50:19.934504+00:00,system_metrics,95.37,94.82,93.28
_result,0,1970-01-01 00:00:00+00:00,2025-07-07 22:07:22.815231+00:00,2025-07-07 21:50:22.960290+00:00,system_metrics,36.42,59.87,32.11
_result,0,1970-01-01 00:00:00+00:00,2025-07-07 22:07:22.815231+00:00,2025-07-07 21:50:25.983042+00:00,system_metrics,20.57,54.71,38.62
_result,0,1970-01-01 00:00:00+00:00,2025-07-07 22:07:22.815231+00:00,2025-07-07 21:50:29.005918+00:00,system_metrics,25.45,58.69,41.6
_result,0,1970-01-01 00:00:00+00:00,2025-07-07 22:07:22.815231+00:00,2025-07-07 21:50:32.024937+00:00,system_metrics,23.55,48.57,34.15
_result,0,1970-01-01 00:00:00+00:00,2025-07-07 22:07:22.815231+00:00,2025-07-07 21:50:35.048425+00:00,system_metrics,24.39,59.31,36.38
_result,0,1970-01-01 00:00:00+00:00,2025-07-07 22:07:22.815231+00:00,2025-07-07 21:50:38.067740+00:00,system_metrics,37.78,42.2,38.41
_result,0,1970-01-01 00:00:00+00:00,2025-07-07 22:07:22.815231+00:00,2025-07-07 21:50:41.090689+00:00,system_metrics,28.46,48.67,33.05
_result,0,1970-01-01 00:00:00+00:00,2025-07-07 22:07:22.815231+00:00,2025-07-07 21:50:44.113214+00:00,system_metrics,23.22,49.65,42.84
_result,0,1970-01-01 00:00:00+00:00,2025-07-07 22:07:22.815231+00:00,2025-07-07 21:50:47.135572+00:00,system_metrics,28.53,42.46,47.08
_result,0,1970-01-01 00:00:00+00:00,2025-07-07 22:07:22.815231+00:00,2025-07-07 21:50:50.159695+00:00,system_metrics,24.33,42.68,46.33
_result,0,1970-01-01 00:00:00+00:00,2025-07-07 22:07:22.815231+00:00,2025-07-07 21:50:53.184031+00:00,system_metrics,30.98,44.49,33.92
_result,0,1970-01-01 00:00:00+00:00,2025-07-07 22:07:22.815231+00:00,2025-07-07 21:50:56.206755+00:00,system_metrics,34.92,41.33,44.92
_result,0,1970-01-01 00:00:00+00:00,2025-07-07 22:07:22.815231+00:00,2025-07-07 21:50:59.228575+00:00,system_metrics,87.12,90.89,83.59
_result,0,1970-01-01 00:00:00+00:00,2025-07-07 22:07:22.815231+00:00,2025-07-07 21:51:02.249718+00:00,system_metrics,35.31,46.01,30.53
_result,0,1970-01-01 00:00:00+00:00,2025-07-07 22:07:22.815231+00:00,2025-07-07 21:51:05.271641+00:00,system_metrics,34.5,41.29,38.85
_result,0,1970-01-01 00:00:00+00:00,2025-07-07 22:07:22.815231+00:00,2025-07-07 21:51:08.292376+00:00,system_metrics,33.61,40.45,39.74
_result,0,1970-01-01 00:00:00+00:00,2025-07-07 22:07:22.815231+00:00,2025-07-07 21:51:11.315117+00:00,system_metrics,31.65,46.59,43.66
_result,0,1970-01-01 00:00:00+00:00,2025-07-07 22:07:22.815231+00:00,2025-07-07 21:51:14.336336+00:00,system_metrics,33.65,58.94,46.88
_result,0,1970-01-01 00:00:00+00:00,2025-07-07 22:07:22.815231+00:00,2025-07-07 21:51:17.360104+00:00,system_metrics,30.18,48.72,30.55
_result,0,1970-01-01 00:00:00+00:00,2025-07-07 22:07:22.815231+00:00,2025-07-07 21:51:20.381573+00:00,system_metrics,22.27,46.49,34.09
_result,0,1970-01-01 00:00:00+00:00,2025-07-07 22:07:22.815231+00:00,2025-07-07 21:51:23.401687+00:00,system_metrics,38.01,49.39,45.74
_result,0,1970-01-01 00:00:00+00:00,2025-07-07 22:07:22.815231+00:00,2025-07-07 21:51:26.426228+00:00,system_metrics,20.84,40.79,33.4
_result,0,1970-01-01 00:00:00+00:00,2025-07-07 22:07:22.815231+00:00,2025-07-07 21:51:29.451564+00:00,system_metrics,25.02,42.22,36.49
_result,0,1970-01-01 00:00:00+00:00,2025-07-07 22:07:22.815231+00:00,2025-07-07 21:51:32.473061+00:00,system_metrics,39.38,55.92,31.16
_result,0,1970-01-01 00:00:00+00:00,2025-07-07 22:07:22.815231+00:00,2025-07-07 21:51:35.495194+00:00,system_metrics,33.08,55.38,34.74
_result,0,1970-01-01 00:00:00+00:00,2025-07-07 22:07:22.815231+00:00,2025-07-07 21:51:38.516058+00:00,system_metrics,39.75,55.53,44.89
_result,0,1970-01-01 00:00:00+00:00,2025-07-07 22:07:22.815231+00:00,2025-07-07 21:51:41.539059+00:00,system_metrics,20.52,50.03,48.99
_result,0,1970-01-01 00:00:00+00:00,2025-07-07 22:07:22.815231+00:00,2025-07-07 21:51:44.564963+00:00,system_metrics,27.2,50.77,37.64
_result,0,1970-01-01 00:00:00+00:00,2025-07-07 22:07:22.815231+00:00,2025-07-07 21:51:47.594706+00:00,system_metrics,37.86,42.51,37.2
_result,0,1970-01-01 00:00:00+00:00,2025-07-07 22:07:22.815231+00:00,2025-07-07 21:51:50.622616+00:00,system_metrics,23.96,46.4,41.34
_result,0,1970-01-01 00:00:00+00:00,2025-07-07 22:07:22.815231+00:00,2025-07-07 21:51:53.652491+00:00,system_metrics,37.91,55.8,39.03
_result,0,1970-01-01 00:00:00+00:00,2025-07-07 22:07:22.815231+00:00,2025-07-07 21:51:56.680101+00:00,system_metrics,21.19,59.13,37.82
_result,0,1970-01-01 00:00:00+00:00,2025-07-07 22:07:22.815231+00:00,2025-07-07 21:51:59.709168+00:00,system_metrics,35.31,50.12,31.77
_result,0,1970-01-01 00:00:00+00:00,2025-07-07 22:07:22.815231+00:00,2025-07-07 21:52:02.733206+00:00,system_metrics,37.44,43.14,49.87
_result,0,1970-01-01 00:00:00+00:00,2025-07-07 22:07:22.815231+00:00,2025-07-07 21:52:05.747279+00:00,system_metrics,91.22,92.98,82.8
_result,0,1970-01-01 00:00:00+00:00,2025-07-07 22:07:22.815231+00:00,2025-07-07 21:52:08.769017+00:00,system_metrics,35.49,57.58,36.41
_result,0,1970-01-01 00:00:00+00:00,2025-07-07 22:07:22.815231+00:00,2025-07-07 21:52:11.790952+00:00,system_metrics,32.15,47.68,44.41
_result,0,1970-01-01 00:00:00+00:00,2025-07-07 22:07:22.815231+00:00,2025-07-07 21:52:14.814494+00:00,system_metrics,33.77,57.3,39.39
_result,0,1970-01-01 00:00:00+00:00,2025-07-07 22:07:22.815231+00:00,2025-07-07 21:52:17.837875+00:00,system_metrics,23.44,45.43,48.74
_result,0,1970-01-01 00:00:00+00:00,2025-07-07 22:07:22.815231+00:00,2025-07-07 21:52:20.856836+00:00,system_metrics,32.11,47.03,30.31
_result,0,1970-01-01 00:00:00+00:00,2025-07-07 22:07:22.815231+00:00,2025-07-07 21:52:23.878517+00:00,system_metrics,27.53,45.94,47.14
_result,0,1970-01-01 00:00:00+00:00,2025-07-07 22:07:22.815231+00:00,2025-07-07 21:52:26.902099+00:00,system_metrics,26.07,53.98,40.44
_result,0,1970-01-01 00:00:00+00:00,2025-07-07 22:07:22.815231+00:00,2025-07-07 21:52:29.926001+00:00,system_metrics,20.51,58.65,35.58
_result,0,1970-01-01 00:00:00+00:00,2025-07-07 22:07:22.815231+00:00,2025-07-07 21:52:32.944493+00:00,system_metrics,28.04,42.0,46.27
_result,0,1970-01-01 00:00:00+00:00,2025-07-07 22:07:22.815231+00:00,2025-07-07 21:52:35.964523+00:00,system_metrics,26.94,47.1,43.66
_result,0,1970-01-01 00:00:00+00:00,2025-07-07 22:07:22.815231+00:00,2025-07-07 21:52:38.985808+00:00,system_metrics,28.03,52.87,48.37
_result,0,1970-01-01 00:00:00+00:00,2025-07-07 22:07:22.815231+00:00,2025-07-07 21:52:42.006970+00:00,system_metrics,97.69,90.5,88.18
_result,0,1970-01-01 00:00:00+00:00,2025-07-07 22:07:22.815231+00:00,2025-07-07 21:52:45.024052+00:00,system_metrics,37.44,49.54,34.42
_result,0,1970-01-01 00:00:00+00:00,2025-07-07 22:07:22.815231+00:00,2025-07-07 21:52:48.048041+00:00,system_metrics,24.24,48.55,48.02
_result,0,1970-01-01 00:00:00+00:00,2025-07-07 22:07:22.815231+00:00,2025-07-07 21:52:51.067091+00:00,system_metrics,95.7,93.17,82.02
_result,0,1970-01-01 00:00:00+00:00,2025-07-07 22:07:22.815231+00:00,2025-07-07 21:52:54.091069+00:00,system_metrics,97.79,96.51,94.88
_result,0,1970-01-01 00:00:00+00:00,2025-07-07 22:07:22.815231+00:00,2025-07-07 21:52:57.107161+00:00,system_metrics,27.76,46.48,31.06
_result,0,1970-01-01 00:00:00+00:00,2025-07-07 22:07:22.815231+00:00,2025-07-07 21:53:00.128426+00:00,system_metrics,32.45,45.16,49.21
_result,0,1970-01-01 00:00:00+00:00,2025-07-07 22:07:22.815231+00:00,2025-07-07 21:53:03.148195+00:00,system_metrics,22.49,46.17,38.9
_result,0,1970-01-01 00:00:00+00:00,2025-07-07 22:07:22.815231+00:00,2025-07-07 21:53:06.168447+00:00,system_metrics,31.71,48.1,48.34
_result,0,1970-01-01 00:00:00+00:00,2025-07-07 22:07:22.815231+00:00,2025-07-07 21:53:09.188670+00:00,system_metrics,32.46,58.67,42.24
_result,0,1970-01-01 00:00:00+00:00,2025-07-07 22:07:22.815231+00:00,2025-07-07 21:53:12.203429+00:00,system_metrics,23.92,40.14,49.34
_result,0,1970-01-01 00:00:00+00:00,2025-07-07 22:07:22.815231+00:00,2025-07-07 21:53:15.221812+00:00,system_metrics,35.44,55.02,41.52
_result,0,1970-01-01 00:00:00+00:00,2025-07-07 22:07:22.815231+00:00,2025-07-07 21:53:18.246389+00:00,system_metrics,24.75,49.43,35.38
_result,0,1970-01-01 00:00:00+00:00,2025-07-07 22:07:22.815231+00:00,2025-07-07 21:53:21.268357+00:00,system_metrics,26.73,53.17,46.69
_result,0,1970-01-01 00:00:00+00:00,2025-07-07 22:07:22.815231+00:00,2025-07-07 21:53:24.289072+00:00,system_metrics,28.08,47.92,35.17
_result,0,1970-01-01 00:00:00+00:00,2025-07-07 22:07:22.815231+00:00,2025-07-07 21:53:27.310389+00:00,system_metrics,34.44,57.58,31.27
_result,0,1970-01-01 00:00:00+00:00,2025-07-07 22:07:22.815231+00:00,2025-07-07 21:53:30.330671+00:00,system_metrics,23.47,51.93,41.5
_result,0,1970-01-01 00:00:00+00:00,2025-07-07 22:07:22.815231+00:00,2025-07-07 21:53:33.349589+00:00,system_metrics,30.94,58.91,34.3
_result,0,1970-01-01 00:00:00+00:00,2025-07-07 22:07:22.815231+00:00,2025-07-07 21:53:36.371958+00:00,system_metrics,22.79,51.06,42.18
_result,0,1970-01-01 00:00:00+00:00,2025-07-07 22:07:22.815231+00:00,2025-07-07 21:53:39.413104+00:00,system_metrics,21.08,58.46,38.63
_result,0,1970-01-01 00:00:00+00:00,2025-07-07 22:07:22.815231+00:00,2025-07-07 21:53:42.438345+00:00,system_metrics,35.47,52.56,44.31
_result,0,1970-01-01 00:00:00+00:00,2025-07-07 22:07:22.815231+00:00,2025-07-07 21:53:45.457335+00:00,system_metrics,38.06,56.17,37.97
_result,0,1970-01-01 00:00:00+00:00,2025-07-07 22:07:22.815231+00:00,2025-07-07 21:53:48.475542+00:00,system_metrics,36.69,52.43,38.82
_result,0,1970-01-01 00:00:00+00:00,2025-07-07 22:07:22.815231+00:00,2025-07-07 21:53:51.491440+00:00,system_metrics,39.33,55.47,31.59
_result,0,1970-01-01 00:00:00+00:00,2025-07-07 22:07:22.815231+00:00,2025-07-07 21:53:54.526231+00:00,system_metrics,86.8,93.4,93.39
_result,0,1970-01-01 00:00:00+00:00,2025-07-07 22:07:22.815231+00:00,2025-07-07 21:53:57.540087+00:00,system_metrics,97.55,97.47,92.15
_result,0,1970-01-01 00:00:00+00:00,2025-07-07 22:07:22.815231+00:00,2025-07-07 21:54:00.559194+00:00,system_metrics,35.64,59.48,36.24
_result,0,1970-01-01 00:00:00+00:00,2025-07-07 22:07:22.815231+00:00,2025-07-07 21:54:03.575381+00:00,system_metrics,34.04,44.59,37.51
_result,0,1970-01-01 00:00:00+00:00,2025-07-07 22:07:22.815231+00:00,2025-07-07 21:54:06.589222+00:00,system_metrics,29.5,45.0,47.66
_result,0,1970-01-01 00:00:00+00:00,2025-07-07 22:07:22.815231+00:00,2025-07-07 21:54:09.607513+00:00,system_metrics,22.95,52.14,46.09
_result,0,1970-01-01 00:00:00+00:00,2025-07-07 22:07:22.815231+00:00,2025-07-07 21:54:12.622528+00:00,system_metrics,31.83,42.54,49.46
_result,0,1970-01-01 00:00:00+00:00,2025-07-07 22:07:22.815231+00:00,2025-07-07 21:54:15.636523+00:00,system_metrics,20.53,50.15,32.37
_result,0,1970-01-01 00:00:00+00:00,2025-07-07 22:07:22.815231+00:00,2025-07-07 21:54:18.650965+00:00,system_metrics,35.05,52.03,41.36
_result,0,1970-01-01 00:00:00+00:00,2025-07-07 22:07:22.815231+00:00,2025-07-07 21:54:21.684224+00:00,system_metrics,97.41,96.49,83.76
_result,0,1970-01-01 00:00:00+00:00,2025-07-07 22:07:22.815231+00:00,2025-07-07 21:54:24.708546+00:00,system_metrics,31.37,41.11,43.1
_result,0,1970-01-01 00:00:00+00:00,2025-07-07 22:07:22.815231+00:00,2025-07-07 21:54:27.729337+00:00,system_metrics,24.94,42.33,34.37
_result,0,1970-01-01 00:00:00+00:00,2025-07-07 22:07:22.815231+00:00,2025-07-07 21:54:30.750857+00:00,system_metrics,28.71,50.71,46.23
_result,0,1970-01-01 00:00:00+00:00,2025-07-07 22:07:22.815231+00:00,2025-07-07 21:54:33.774963+00:00,system_metrics,91.2,92.5,80.78
_result,0,1970-01-01 00:00:00+00:00,2025-07-07 22:07:22.815231+00:00,2025-07-07 21:54:36.796836+00:00,system_metrics,96.71,90.27,81.37
_result,0,1970-01-01 00:00:00+00:00,2025-07-07 22:07:22.815231+00:00,2025-07-07 21:54:39.817567+00:00,system_metrics,28.53,52.0,48.62
_result,0,1970-01-01 00:00:00+00:00,2025-07-07 22:07:22.815231+00:00,2025-07-07 21:54:42.836544+00:00,system_metrics,38.81,55.94,43.21
_result,0,1970-01-01 00:00:00+00:00,2025-07-07 22:07:22.815231+00:00,2025-07-07 21:54:45.851143+00:00,system_metrics,29.3,41.41,38.55
_result,0,1970-01-01 00:00:00+00:00,2025-07-07 22:07:22.815231+00:00,2025-07-07 21:54:48.874063+00:00,system_metrics,26.25,43.87,31.05
_result,0,1970-01-01 00:00:00+00:00,2025-07-07 22:07:22.815231+00:00,2025-07-07 21:54:51.898628+00:00,system_metrics,85.8,95.02,88.49
_result,0,1970-01-01 00:00:00+00:00,2025-07-07 22:07:22.815231+00:00,2025-07-07 21:54:54.919745+00:00,system_metrics,96.81,92.68,93.98
_result,0,1970-01-01 00:00:00+00:00,2025-07-07 22:07:22.815231+00:00,2025-07-07 21:54:57.940020+00:00,system_metrics,89.28,94.45,87.23
_result,0,1970-01-01 00:00:00+00:00,2025-07-07 22:07:22.815231+00:00,2025-07-07 21:55:00.959368+00:00,system_metrics,32.13,44.07,39.84
_result,0,1970-01-01 00:00:00+00:00,2025-07-07 22:07:22.815231+00:00,2025-07-07 21:55:03.980998+00:00,system_metrics,32.81,43.21,35.14
_result,0,1970-01-01 00:00:00+00:00,2025-07-07 22:07:22.815231+00:00,2025-07-07 21:55:07.007224+00:00,system_metrics,21.5,50.81,32.9
_result,0,1970-01-01 00:00:00+00:00,2025-07-07 22:07:22.815231+00:00,2025-07-07 21:55:10.028233+00:00,system_metrics,22.2,59.0,32.54
_result,0,1970-01-01 00:00:00+00:00,2025-07-07 22:07:22.815231+00:00,2025-07-07 21:55:13.048519+00:00,system_metrics,35.37,57.65,39.46
_result,0,1970-01-01 00:00:00+00:00,2025-07-07 22:07:22.815231+00:00,2025-07-07 21:55:16.073858+00:00,system_metrics,86.55,98.31,84.14
_result,0,1970-01-01 00:00:00+00:00,2025-07-07 22:07:22.815231+00:00,2025-07-07 21:55:19.096438+00:00,system_metrics,22.43,58.35,49.45
_result,0,1970-01-01 00:00:00+00:00,2025-07-07 22:07:22.815231+00:00,2025-07-07 21:55:22.117696+00:00,system_metrics,31.96,46.27,35.74
_result,0,1970-01-01 00:00:00+00:00,2025-07-07 22:07:22.815231+00:00,2025-07-07 21:55:25.140200+00:00,system_metrics,39.3,49.07,31.68
_result,0,1970-01-01 00:00:00+00:00,2025-07-07 22:07:22.815231+00:00,2025-07-07 21:55:28.162423+00:00,system_metrics,37.24,58.74,43.53
_result,0,1970-01-01 00:00:00+00:00,2025-07-07 22:07:22.815231+00:00,2025-07-07 21:55:31.183919+00:00,system_metrics,36.62,46.79,44.91
_result,0,1970-01-01 00:00:00+00:00,2025-07-07 22:07:22.815231+00:00,2025-07-07 21:55:34.207150+00:00,system_metrics,97.79,98.19,88.35
_result,0,1970-01-01 00:00:00+00:00,2025-07-07 22:07:22.815231+00:00,2025-07-07 21:55:37.224052+00:00,system_metrics,23.81,57.76,37.15
_result,0,1970-01-01 00:00:00+00:00,2025-07-07 22:07:22.815231+00:00,2025-07-07 21:55:40.246863+00:00,system_metrics,39.0,59.81,34.86
_result,0,1970-01-01 00:00:00+00:00,2025-07-07 22:07:22.815231+00:00,2025-07-07 21:55:43.271628+00:00,system_metrics,37.92,45.45,45.88
_result,0,1970-01-01 00:00:00+00:00,2025-07-07 22:07:22.815231+00:00,2025-07-07 21:55:46.295939+00:00,system_metrics,30.81,48.38,34.03
_result,0,1970-01-01 00:00:00+00:00,2025-07-07 22:07:22.815231+00:00,2025-07-07 21:55:49.314172+00:00,system_metrics,24.01,52.83,42.46
_result,0,1970-01-01 00:00:00+00:00,2025-07-07 22:07:22.815231+00:00,2025-07-07 21:55:52.329572+00:00,system_metrics,23.89,56.65,47.57
_result,0,1970-01-01 00:00:00+00:00,2025-07-07 22:07:22.815231+00:00,2025-07-07 21:55:55.346841+00:00,system_metrics,35.92,58.56,37.93
_result,0,1970-01-01 00:00:00+00:00,2025-07-07 22:07:22.815231+00:00,2025-07-07 21:55:58.371142+00:00,system_metrics,36.22,57.34,31.61
_result,0,1970-01-01 00:00:00+00:00,2025-07-07 22:07:22.815231+00:00,2025-07-07 21:56:01.391863+00:00,system_metrics,38.87,44.81,43.92
_result,0,1970-01-01 00:00:00+00:00,2025-07-07 22:07:22.815231+00:00,2025-07-07 21:56:04.411399+00:00,system_metrics,21.82,48.38,35.86
_result,0,1970-01-01 00:00:00+00:00,2025-07-07 22:07:22.815231+00:00,2025-07-07 21:56:07.433975+00:00,system_metrics,35.89,49.52,35.48
_result,0,1970-01-01 00:00:00+00:00,2025-07-07 22:07:22.815231+00:00,2025-07-07 21:56:10.452444+00:00,system_metrics,30.69,58.97,34.01
_result,0,1970-01-01 00:00:00+00:00,2025-07-07 22:07:22.815231+00:00,2025-07-07 21:56:13.474926+00:00,system_metrics,25.73,56.17,44.54
_result,0,1970-01-01 00:00:00+00:00,2025-07-07 22:07:22.815231+00:00,2025-07-07 21:56:16.493905+00:00,system_metrics,27.03,51.95,46.69
_result,0,1970-01-01 00:00:00+00:00,2025-07-07 22:07:22.815231+00:00,2025-07-07 21:56:19.514113+00:00,system_metrics,25.14,59.11,30.8
_result,0,1970-01-01 00:00:00+00:00,2025-07-07 22:07:22.815231+00:00,2025-07-07 21:56:22.529928+00:00,system_metrics,37.95,47.66,35.98
_result,0,1970-01-01 00:00:00+00:00,2025-07-07 22:07:22.815231+00:00,2025-07-07 21:56:25.546952+00:00,system_metrics,32.11,54.32,35.6
_result,0,1970-01-01 00:00:00+00:00,2025-07-07 22:07:22.815231+00:00,2025-07-07 21:56:28.568016+00:00,system_metrics,35.94,46.18,40.27
_result,0,1970-01-01 00:00:00+00:00,2025-07-07 22:07:22.815231+00:00,2025-07-07 21:56:31.587464+00:00,system_metrics,35.07,54.43,48.23
_result,0,1970-01-01 00:00:00+00:00,2025-07-07 22:07:22.815231+00:00,2025-07-07 21:56:34.610705+00:00,system_metrics,31.82,48.05,44.91
_result,0,1970-01-01 00:00:00+00:00,2025-07-07 22:07:22.815231+00:00,2025-07-07 21:56:37.627615+00:00,system_metrics,24.14,42.75,37.03
_result,0,1970-01-01 00:00:00+00:00,2025-07-07 22:07:22.815231+00:00,2025-07-07 21:56:40.651801+00:00,system_metrics,23.47,42.11,49.39
_result,0,1970-01-01 00:00:00+00:00,2025-07-07 22:07:22.815231+00:00,2025-07-07 21:56:43.669205+00:00,system_metrics,39.11,56.54,38.9
_result,0,1970-01-01 00:00:00+00:00,2025-07-07 22:07:22.815231+00:00,2025-07-07 21:56:46.692142+00:00,system_metrics,26.51,44.93,37.67
_result,0,1970-01-01 00:00:00+00:00,2025-07-07 22:07:22.815231+00:00,2025-07-07 21:56:49.712608+00:00,system_metrics,34.44,43.02,31.05
_result,0,1970-01-01 00:00:00+00:00,2025-07-07 22:07:22.815231+00:00,2025-07-07 21:56:52.737797+00:00,system_metrics,96.17,99.73,85.31
_result,0,1970-01-01 00:00:00+00:00,2025-07-07 22:07:22.815231+00:00,2025-07-07 21:56:55.756131+00:00,system_metrics,28.56,54.7,31.35
_result,0,1970-01-01 00:00:00+00:00,2025-07-07 22:07:22.815231+00:00,2025-07-07 21:56:58.775450+00:00,system_metrics,28.02,56.02,31.73
_result,0,1970-01-01 00:00:00+00:00,2025-07-07 22:07:22.815231+00:00,2025-07-07 21:57:01.792231+00:00,system_metrics,36.29,50.34,40.34
_result,0,1970-01-01 00:00:00+00:00,2025-07-07 22:07:22.815231+00:00,2025-07-07 21:57:04.810365+00:00,system_metrics,35.8,56.67,32.68
_result,0,1970-01-01 00:00:00+00:00,2025-07-07 22:07:22.815231+00:00,2025-07-07 21:57:07.826599+00:00,system_metrics,23.55,50.79,33.12
_result,0,1970-01-01 00:00:00+00:00,2025-07-07 22:07:22.815231+00:00,2025-07-07 21:57:10.849860+00:00,system_metrics,91.93,99.01,88.84
_result,0,1970-01-01 00:00:00+00:00,2025-07-07 22:07:22.815231+00:00,2025-07-07 21:57:13.865568+00:00,system_metrics,28.59,57.64,48.81
_result,0,1970-01-01 00:00:00+00:00,2025-07-07 22:07:22.815231+00:00,2025-07-07 21:57:16.884882+00:00,system_metrics,31.49,57.47,48.25
_result,0,1970-01-01 00:00:00+00:00,2025-07-07 22:07:22.815231+00:00,2025-07-07 21:57:19.907317+00:00,system_metrics,25.3,54.72,47.36
_result,0,1970-01-01 00:00:00+00:00,2025-07-07 22:07:22.815231+00:00,2025-07-07 21:57:22.931630+00:00,system_metrics,28.09,52.52,37.03
_result,0,1970-01-01 00:00:00+00:00,2025-07-07 22:07:22.815231+00:00,2025-07-07 21:57:25.955225+00:00,system_metrics,31.94,59.54,31.33
_result,0,1970-01-01 00:00:00+00:00,2025-07-07 22:07:22.815231+00:00,2025-07-07 21:57:28.973330+00:00,system_metrics,26.23,47.86,37.47
_result,0,1970-01-01 00:00:00+00:00,2025-07-07 22:07:22.815231+00:00,2025-07-07 21:57:31.989965+00:00,system_metrics,31.33,45.89,35.84
_result,0,1970-01-01 00:00:00+00:00,2025-07-07 22:07:22.815231+00:00,2025-07-07 21:57:35.010527+00:00,system_metrics,20.77,55.14,44.67
_result,0,1970-01-01 00:00:00+00:00,2025-07-07 22:07:22.815231+00:00,2025-07-07 21:57:38.034094+00:00,system_metrics,38.22,48.61,42.75
_result,0,1970-01-01 00:00:00+00:00,2025-07-07 22:07:22.815231+00:00,2025-07-07 21:57:41.050277+00:00,system_metrics,22.9,41.3,40.32
_result,0,1970-01-01 00:00:00+00:00,2025-07-07 22:07:22.815231+00:00,2025-07-07 21:57:44.083667+00:00,system_metrics,29.42,49.8,46.0
_result,0,1970-01-01 00:00:00+00:00,2025-07-07 22:07:22.815231+00:00,2025-07-07 21:57:47.101644+00:00,system_metrics,34.72,44.27,47.77
_result,0,1970-01-01 00:00:00+00:00,2025-07-07 22:07:22.815231+00:00,2025-07-07 21:57:50.117915+00:00,system_metrics,23.06,47.25,37.06
